,Unnamed: 0,index,link,start_date,end_date,basin_count,finished,over_thousand
0,0,0,https://advance-lexis-com.oregonstate.idm.oclc.org/search/?pdmfid=1516831&crid=012d2189-3d07-445d-a45b-e7dff62227ac&pdpsf=&pdpost=&pdstartin=urn%3Ahlct%3A16&pdsearchterms=hlead(*water*+OR+river*+OR+lake+OR+dam+OR+stream+OR+tributary+OR+diversion+OR+irrigation+OR+pollution+OR+water+quality+OR+flood!+OR+drought!+OR+channel+OR+canal+OR+hydroelect!+OR+reservoir+OR+groundwater+OR+aquifer+OR+drought+OR+recharge+OR+%22water+table%22+OR+%22bore+hole+)+and+hlead(treaty+OR+agree!+OR+negotiat!+OR+resolution+OR+commission+OR+secretariat+OR+joint+management+OR+basin+management+OR+peace+OR+accord+OR+%22peace+accord%22+OR+settle!+OR+cooperat!+OR+collaborat!+OR+disput!+OR+conflict!+OR+disagree!+OR+sanction!+OR+war+OR+troops+OR+%22letter+of+protest%22+OR+hostility+OR+%22shots+fired%22+OR+boycott+OR+protest!+OR+appeal+OR+intent+OR+reject+OR+threat!+OR+force+OR+coerce+OR+assault+OR+fight+OR+demand+OR+disapprove+OR+diploma!+OR+statement+OR+memorandum+)+and+not+hlead(ocean+OR+navigat!+OR+nuclear+OR+%22water+cannon%22+OR+%22light+water+reactor%22+OR+%22mineral+water%22+OR+%22hold+water%22+OR+%22cold+water%22+OR+%22hot+water%22+OR+%22water+canister%22+OR+%22water+tight%22+OR+%22+water+down%22+OR+%22flood+of+refugees%22+OR+Rivera+OR+Suez+OR+Panama+OR+oil+OR+drugs+OR+%22three+gorges%22+OR+waterski+OR+watermelon+OR+dishwater+OR+waterproof+OR+%22water+resistant%22+OR+%22water+bath%22)&pdsearchtype=SearchBox&pdtypeofsearch=searchboxclick&pdsf=&pdquerytemplateid=&pdtimeline=07%2F15%2F2013to07%2F14%2F2014%7Cdatebetween&pdfromadvancedsearchpage=true&ecomp=yxLg9kk&earg=pdpsf&prid=7820b5ce-b3c9-4c87-a844-a52d92a98b63,6/30/08,7/14/09,142,1,0
1,1,1,https://advance-lexis-com.oregonstate.idm.oclc.org/search/?pdmfid=1516831&crid=aeca1622-8061-4f65-b8df-644573d56486&pdpsf=&pdpost=&pdstartin=urn%3Ahlct%3A16&pdsearchterms=hlead(*water*+OR+river*+OR+lake+OR+dam+OR+stream+OR+tributary+OR+diversion+OR+irrigation+OR+pollution+OR+water+quality+OR+flood!+OR+drought!+OR+channel+OR+canal+OR+hydroelect!+OR+reservoir+OR+groundwater+OR+aquifer+OR+drought+OR+recharge+OR+%22water+table%22+OR+%22bore+hole+)+and+hlead(treaty+OR+agree!+OR+negotiat!+OR+resolution+OR+commission+OR+secretariat+OR+joint+management+OR+basin+management+OR+peace+OR+accord+OR+%22peace+accord%22+OR+settle!+OR+cooperat!+OR+collaborat!+OR+disput!+OR+conflict!+OR+disagree!+OR+sanction!+OR+war+OR+troops+OR+%22letter+of+protest%22+OR+hostility+OR+%22shots+fired%22+OR+boycott+OR+protest!+OR+appeal+OR+intent+OR+reject+OR+threat!+OR+force+OR+coerce+OR+assault+OR+fight+OR+demand+OR+disapprove+OR+diploma!+OR+statement+OR+memorandum)+and+not+ocean+OR+navigat!+OR+nuclear+OR+%22water+cannon%22+OR+%22light+water+reactor%22+OR+%22mineral+water%22+OR+%22hold+water%22+OR+%22cold+water%22+OR+%22hot+water%22+OR+%22water+canister%22+OR+%22water+tight%22+OR+%22+water+down%22+OR+%22flood+of+refugees%22+OR+Rivera+OR+Suez+OR+Panama+OR+oil+OR+drugs+OR+%22three+gorges%22+OR+waterski+OR+watermelon+OR+dishwater+OR+waterproof+OR+%22water+resistant%22+OR+%22water+bath%22&pdsearchtype=SearchBox&pdtypeofsearch=searchboxclick&pdsf=&pdquerytemplateid=&pdtimeline=07%2F15%2F2009to07%2F14%2F2010%7Cdatebetween&pdfromadvancedsearchpage=true&ecomp=yxLg9kk&earg=pdpsf&prid=1a75d902-74df-40ac-9801-7493b8a82332,7/15/09,7/14/10,60,1,0
2,2,2,"https://advance-lexis-com.oregonstate.idm.oclc.org/search/?pdmfid=1516831&crid=74b80034-c505-4e16-a204-de4d4f1a9b16&pdpsf=&pdpost=&pdstartin=urn%3Ahlct%3A16&pdsearchterms=hlead(*water*+OR+river*+OR+lake+OR+dam+OR+stream+OR+tributary+OR+diversion+OR+irrigation+OR+pollution+OR+water+quality+OR+flood!+OR+drought!+OR+channel+OR+canal+OR+hydroelect!+OR+reservoir+OR+groundwater+OR+aquifer+OR+drought+OR+recharge+OR+%22water+table%22+OR+%22bore+hole+)+and+hlead(treaty+OR+agree!+OR+negotiat!+OR+resolution+OR+commission+OR+secretariat+OR+joint+management+OR+basin+management+OR+peace+OR+accord+OR+%22peace+accord%22+OR+settle!+OR+cooperat!+OR+collaborat!+OR+disput!+OR+conflict!+OR+disagree!+OR+sanction!+OR+war+OR+troops+OR+%22letter+of+protest%22+OR+hostility+OR+%22shots+fired%22+OR+boycott+OR+protest!+OR+appeal+OR+intent+OR+reject+OR+threat!+OR+force+OR+coerce+OR+assault+OR+fight+OR+demand+OR+disapprove+OR+diploma!+OR+statement+OR+memorandum)+and+not+hlead(ocean+OR+navigat!+OR+nuclear+OR+%22water+cannon%22+OR+%22light+water+reactor%22+OR+%22mineral+water%22+OR+%22hold+water%22+OR+%22cold+water%22+OR+%22hot+water%22+OR+%22water+canister%22+OR+%22water+tight%22+OR+%22+water+down%22+OR+%22flood+of+refugees%22+OR+Rivera+OR+Suez+OR+Panama+OR+oil+OR+drugs+OR+%22three+gorges%22+OR+waterski+OR+watermelon+OR+dishwater+OR+waterproof+OR+%22water+resistant%22+OR+%22water+bath%22)&pdsearchtype=SearchBox&pdtypeofsearch=searchboxclick&pdsf=&pdquerytemplateid=&pdtimeline=07%2F15%2F2010to07%2F14%2F2011%7Cdatebetween&pdfromadvancedsearchpage=true&ecomp=yxLg9kk&earg=pdpsf&prid=1a75d902-74df-40ac-9801-7493b8a82332""",7/15/10,7/14/11,112,1,0
3,3,3,https://advance-lexis-com.oregonstate.idm.oclc.org/search/?pdmfid=1516831&crid=ddefc9ae-24ea-4edc-be89-b22b4a798adc&pdpsf=&pdpost=&pdstartin=urn%3Ahlct%3A16&pdsearchterms=hlead(*water*+OR+river*+OR+lake+OR+dam+OR+stream+OR+tributary+OR+diversion+OR+irrigation+OR+pollution+OR+water+quality+OR+flood!+OR+drought!+OR+channel+OR+canal+OR+hydroelect!+OR+reservoir+OR+groundwater+OR+aquifer+OR+drought+OR+recharge+OR+%22water+table%22+OR+%22bore+hole+)+and+hlead(treaty+OR+agree!+OR+negotiat!+OR+resolution+OR+commission+OR+secretariat+OR+joint+management+OR+basin+management+OR+peace+OR+accord+OR+%22peace+accord%22+OR+settle!+OR+cooperat!+OR+collaborat!+OR+disput!+OR+conflict!+OR+disagree!+OR+sanction!+OR+war+OR+troops+OR+%22letter+of+protest%22+OR+hostility+OR+%22shots+fired%22+OR+boycott+OR+protest!+OR+appeal+OR+intent+OR+reject+OR+threat!+OR+force+OR+coerce+OR+assault+OR+fight+OR+demand+OR+disapprove+OR+diploma!+OR+statement+OR+memorandum+)+and+not+hlead(ocean+OR+navigat!+OR+nuclear+OR+%22water+cannon%22+OR+%22light+water+reactor%22+OR+%22mineral+water%22+OR+%22hold+water%22+OR+%22cold+water%22+OR+%22hot+water%22+OR+%22water+canister%22+OR+%22water+tight%22+OR+%22+water+down%22+OR+%22flood+of+refugees%22+OR+Rivera+OR+Suez+OR+Panama+OR+oil+OR+drugs+OR+%22three+gorges%22+OR+waterski+OR+watermelon+OR+dishwater+OR+waterproof+OR+%22water+resistant%22+OR+%22water+bath%22)&pdsearchtype=SearchBox&pdtypeofsearch=searchboxclick&pdsf=&pdquerytemplateid=&pdtimeline=07%2F15%2F2011to07%2F14%2F2012%7Cdatebetween&pdfromadvancedsearchpage=true&ecomp=yxLg9kk&earg=pdpsf&prid=f7b30bbb-acc8-445f-bcaa-9d91cc9630ec,7/15/11,7/14/12,0,1,0
4,4,4,https://advance-lexis-com.oregonstate.idm.oclc.org/search/?pdmfid=1516831&crid=3ff8d85e-f385-449b-babb-cc23ffea83c3&pdpsf=&pdpost=&pdstartin=urn%3Ahlct%3A16&pdsearchterms=hlead(*water*+OR+river*+OR+lake+OR+dam+OR+stream+OR+tributary+OR+diversion+OR+irrigation+OR+pollution+OR+water+quality+OR+flood!+OR+drought!+OR+channel+OR+canal+OR+hydroelect!+OR+reservoir+OR+groundwater+OR+aquifer+OR+drought+OR+recharge+OR+%22water+table%22+OR+%22bore+hole+)+and+hlead(treaty+OR+agree!+OR+negotiat!+OR+resolution+OR+commission+OR+secretariat+OR+joint+management+OR+basin+management+OR+peace+OR+accord+OR+%22peace+accord%22+OR+settle!+OR+cooperat!+OR+collaborat!+OR+disput!+OR+conflict!+OR+disagree!+OR+sanction!+OR+war+OR+troops+OR+%22letter+of+protest%22+OR+hostility+OR+%22shots+fired%22+OR+boycott+OR+protest!+OR+appeal+OR+intent+OR+reject+OR+threat!+OR+force+OR+coerce+OR+assault+OR+fight+OR+demand+OR+disapprove+OR+diploma!+OR+statement+OR+memorandum+)+and+not+hlead(ocean+OR+navigat!+OR+nuclear+OR+%22water+cannon%22+OR+%22light+water+reactor%22+OR+%22mineral+water%22+OR+%22hold+water%22+OR+%22cold+water%22+OR+%22hot+water%22+OR+%22water+canister%22+OR+%22water+tight%22+OR+%22+water+down%22+OR+%22flood+of+refugees%22+OR+Rivera+OR+Suez+OR+Panama+OR+oil+OR+drugs+OR+%22three+gorges%22+OR+waterski+OR+watermelon+OR+dishwater+OR+waterproof+OR+%22water+resistant%22+OR+%22water+bath%22)&pdsearchtype=SearchBox&pdtypeofsearch=searchboxclick&pdsf=&pdquerytemplateid=&pdtimeline=07%2F15%2F2011to07%2F14%2F2012%7Cdatebetween&pdfromadvancedsearchpage=true&ecomp=yxLg9kk&earg=pdpsf&prid=f7b30bbb-acc8-445f-bcaa-9d91cc9630ec,7/15/12,7/14/13,0,1,0
5,5,5,https://advance-lexis-com.oregonstate.idm.oclc.org/search/?pdmfid=1516831&crid=c0f8a55c-7a1c-415d-b7b3-0829ac69cd86&pdpsf=&pdpost=&pdstartin=urn%3Ahlct%3A16&pdsearchterms=hlead(*water*+OR+river*+OR+lake+OR+dam+OR+stream+OR+tributary+OR+diversion+OR+irrigation+OR+pollution+OR+water+quality+OR+flood!+OR+drought!+OR+channel+OR+canal+OR+hydroelect!+OR+reservoir+OR+groundwater+OR+aquifer+OR+drought+OR+recharge+OR+%22water+table%22+OR+%22bore+hole+)+and+hlead(treaty+OR+agree!+OR+negotiat!+OR+resolution+OR+commission+OR+secretariat+OR+joint+management+OR+basin+management+OR+peace+OR+accord+OR+%22peace+accord%22+OR+settle!+OR+cooperat!+OR+collaborat!+OR+disput!+OR+conflict!+OR+disagree!+OR+sanction!+OR+war+OR+troops+OR+%22letter+of+protest%22+OR+hostility+OR+%22shots+fired%22+OR+boycott+OR+protest!+OR+appeal+OR+intent+OR+reject+OR+threat!+OR+force+OR+coerce+OR+assault+OR+fight+OR+demand+OR+disapprove+OR+diploma!+OR+statement+OR+memorandum+)+and+not+hlead(ocean+OR+navigat!+OR+nuclear+OR+%22water+cannon%22+OR+%22light+water+reactor%22+OR+%22mineral+water%22+OR+%22hold+water%22+OR+%22cold+water%22+OR+%22hot+water%22+OR+%22water+canister%22+OR+%22water+tight%22+OR+%22+water+down%22+OR+%22flood+of+refugees%22+OR+Rivera+OR+Suez+OR+Panama+OR+oil+OR+drugs+OR+%22three+gorges%22+OR+waterski+OR+watermelon+OR+dishwater+OR+waterproof+OR+%22water+resistant%22+OR+%22water+bath%22)&pdsearchtype=SearchBox&pdtypeofsearch=searchboxclick&pdsf=&pdquerytemplateid=&pdtimeline=07%2F15%2F2013to07%2F14%2F2014%7Cdatebetween&pdfromadvancedsearchpage=true&ecomp=yxLg9kk&earg=pdpsf&prid=7820b5ce-b3c9-4c87-a844-a52d92a98b63,7/15/13,7/14/14,0,1,0
6,6,6,https://advance-lexis-com.oregonstate.idm.oclc.org/search/?pdmfid=1516831&crid=7c38bf74-8ce4-4986-b692-a1dcb3c45afc&pdpsf=&pdpost=&pdstartin=urn%3Ahlct%3A16&pdsearchterms=hlead(*water*+OR+river*+OR+lake+OR+dam+OR+stream+OR+tributary+OR+diversion+OR+irrigation+OR+pollution+OR+water+quality+OR+flood!+OR+drought!+OR+channel+OR+canal+OR+hydroelect!+OR+reservoir+OR+groundwater+OR+aquifer+OR+drought+OR+recharge+OR+%22water+table%22+OR+%22bore+hole+)+and+hlead(treaty+OR+agree!+OR+negotiat!+OR+resolution+OR+commission+OR+secretariat+OR+joint+management+OR+basin+management+OR+peace+OR+accord+OR+%22peace+accord%22+OR+settle!+OR+cooperat!+OR+collaborat!+OR+disput!+OR+conflict!+OR+disagree!+OR+sanction!+OR+war+OR+troops+OR+%22letter+of+protest%22+OR+hostility+OR+%22shots+fired%22+OR+boycott+OR+protest!+OR+appeal+OR+intent+OR+reject+OR+threat!+OR+force+OR+coerce+OR+assault+OR+fight+OR+demand+OR+disapprove+OR+diploma!+OR+statement+OR+memorandum+)+and+not+hlead(ocean+OR+navigat!+OR+nuclear+OR+%22water+cannon%22+OR+%22light+water+reactor%22+OR+%22mineral+water%22+OR+%22hold+water%22+OR+%22cold+water%22+OR+%22hot+water%22+OR+%22water+canister%22+OR+%22water+tight%22+OR+%22+water+down%22+OR+%22flood+of+refugees%22+OR+Rivera+OR+Suez+OR+Panama+OR+oil+OR+drugs+OR+%22three+gorges%22+OR+waterski+OR+watermelon+OR+dishwater+OR+waterproof+OR+%22water+resistant%22+OR+%22water+bath%22)&pdsearchtype=SearchBox&pdtypeofsearch=searchboxclick&pdsf=&pdquerytemplateid=&pdtimeline=07%2F15%2F2013to07%2F14%2F2014%7Cdatebetween&pdfromadvancedsearchpage=true&ecomp=yxLg9kk&earg=pdpsf&prid=7820b5ce-b3c9-4c87-a844-a52d92a98b63,7/15/14,7/14/15,0,1,0
7,7,7,https://advance-lexis-com.oregonstate.idm.oclc.org/search/?pdmfid=1516831&crid=673c279a-b459-4645-9b02-26c6c1f476d3&pdpsf=&pdpost=&pdstartin=urn%3Ahlct%3A16&pdsearchterms=hlead(*water*+OR+river*+OR+lake+OR+dam+OR+stream+OR+tributary+OR+diversion+OR+irrigation+OR+pollution+OR+water+quality+OR+flood!+OR+drought!+OR+channel+OR+canal+OR+hydroelect!+OR+reservoir+OR+groundwater+OR+aquifer+OR+drought+OR+recharge+OR+%22water+table%22+OR+%22bore+hole+)+and+hlead(treaty+OR+agree!+OR+negotiat!+OR+resolution+OR+commission+OR+secretariat+OR+joint+management+OR+basin+management+OR+peace+OR+accord+OR+%22peace+accord%22+OR+settle!+OR+cooperat!+OR+collaborat!+OR+disput!+OR+conflict!+OR+disagree!+OR+sanction!+OR+war+OR+troops+OR+%22letter+of+protest%22+OR+hostility+OR+%22shots+fired%22+OR+boycott+OR+protest!+OR+appeal+OR+intent+OR+reject+OR+threat!+OR+force+OR+coerce+OR+assault+OR+fight+OR+demand+OR+disapprove+OR+diploma!+OR+statement+OR+memorandum+)+and+not+hlead(ocean+OR+navigat!+OR+nuclear+OR+%22water+cannon%22+OR+%22light+water+reactor%22+OR+%22mineral+water%22+OR+%22hold+water%22+OR+%22cold+water%22+OR+%22hot+water%22+OR+%22water+canister%22+OR+%22water+tight%22+OR+%22+water+down%22+OR+%22flood+of+refugees%22+OR+Rivera+OR+Suez+OR+Panama+OR+oil+OR+drugs+OR+%22three+gorges%22+OR+waterski+OR+watermelon+OR+dishwater+OR+waterproof+OR+%22water+resistant%22+OR+%22water+bath%22)&pdsearchtype=SearchBox&pdtypeofsearch=searchboxclick&pdsf=&pdquerytemplateid=&pdtimeline=07%2F15%2F2013to07%2F14%2F2014%7Cdatebetween&pdfromadvancedsearchpage=true&ecomp=yxLg9kk&earg=pdpsf&prid=7820b5ce-b3c9-4c87-a844-a52d92a98b63,7/15/15,7/14/16,0,1,0
8,8,8,https://advance-lexis-com.oregonstate.idm.oclc.org/search/?pdmfid=1516831&crid=bf17b440-1f9a-429a-beb1-9fe771afa484&pdpsf=&pdpost=&pdstartin=urn%3Ahlct%3A16&pdsearchterms=hlead(*water*+OR+river*+OR+lake+OR+dam+OR+stream+OR+tributary+OR+diversion+OR+irrigation+OR+pollution+OR+water+quality+OR+flood!+OR+drought!+OR+channel+OR+canal+OR+hydroelect!+OR+reservoir+OR+groundwater+OR+aquifer+OR+drought+OR+recharge+OR+%22water+table%22+OR+%22bore+hole+)+and+hlead(treaty+OR+agree!+OR+negotiat!+OR+resolution+OR+commission+OR+secretariat+OR+joint+management+OR+basin+management+OR+peace+OR+accord+OR+%22peace+accord%22+OR+settle!+OR+cooperat!+OR+collaborat!+OR+disput!+OR+conflict!+OR+disagree!+OR+sanction!+OR+war+OR+troops+OR+%22letter+of+protest%22+OR+hostility+OR+%22shots+fired%22+OR+boycott+OR+protest!+OR+appeal+OR+intent+OR+reject+OR+threat!+OR+force+OR+coerce+OR+assault+OR+fight+OR+demand+OR+disapprove+OR+diploma!+OR+statement+OR+memorandum+)+and+not+hlead(ocean+OR+navigat!+OR+nuclear+OR+%22water+cannon%22+OR+%22light+water+reactor%22+OR+%22mineral+water%22+OR+%22hold+water%22+OR+%22cold+water%22+OR+%22hot+water%22+OR+%22water+canister%22+OR+%22water+tight%22+OR+%22+water+down%22+OR+%22flood+of+refugees%22+OR+Rivera+OR+Suez+OR+Panama+OR+oil+OR+drugs+OR+%22three+gorges%22+OR+waterski+OR+watermelon+OR+dishwater+OR+waterproof+OR+%22water+resistant%22+OR+%22water+bath%22)&pdsearchtype=SearchBox&pdtypeofsearch=searchboxclick&pdsf=&pdquerytemplateid=&pdtimeline=07%2F15%2F2013to07%2F14%2F2014%7Cdatebetween&pdfromadvancedsearchpage=true&ecomp=yxLg9kk&earg=pdpsf&prid=7820b5ce-b3c9-4c87-a844-a52d92a98b63,7/15/16,7/14/17,0,1,0
9,9,9,https://advance-lexis-com.oregonstate.idm.oclc.org/search/?pdmfid=1516831&crid=846ec720-b027-4e82-8a62-af30753f8b58&pdpsf=&pdpost=&pdstartin=urn%3Ahlct%3A16&pdsearchterms=hlead(*water*+OR+river*+OR+lake+OR+dam+OR+stream+OR+tributary+OR+diversion+OR+irrigation+OR+pollution+OR+water+quality+OR+flood!+OR+drought!+OR+channel+OR+canal+OR+hydroelect!+OR+reservoir+OR+groundwater+OR+aquifer+OR+drought+OR+recharge+OR+%22water+table%22+OR+%22bore+hole+)+and+hlead(treaty+OR+agree!+OR+negotiat!+OR+resolution+OR+commission+OR+secretariat+OR+joint+management+OR+basin+management+OR+peace+OR+accord+OR+%22peace+accord%22+OR+settle!+OR+cooperat!+OR+collaborat!+OR+disput!+OR+conflict!+OR+disagree!+OR+sanction!+OR+war+OR+troops+OR+%22letter+of+protest%22+OR+hostility+OR+%22shots+fired%22+OR+boycott+OR+protest!+OR+appeal+OR+intent+OR+reject+OR+threat!+OR+force+OR+coerce+OR+assault+OR+fight+OR+demand+OR+disapprove+OR+diploma!+OR+statement+OR+memorandum+)+and+not+hlead(ocean+OR+navigat!+OR+nuclear+OR+%22water+cannon%22+OR+%22light+water+reactor%22+OR+%22mineral+water%22+OR+%22hold+water%22+OR+%22cold+water%22+OR+%22hot+water%22+OR+%22water+canister%22+OR+%22water+tight%22+OR+%22+water+down%22+OR+%22flood+of+refugees%22+OR+Rivera+OR+Suez+OR+Panama+OR+oil+OR+drugs+OR+%22three+gorges%22+OR+waterski+OR+watermelon+OR+dishwater+OR+waterproof+OR+%22water+resistant%22+OR+%22water+bath%22)&pdsearchtype=SearchBox&pdtypeofsearch=searchboxclick&pdsf=&pdquerytemplateid=&pdtimeline=07%2F15%2F2013to07%2F14%2F2014%7Cdatebetween&pdfromadvancedsearchpage=true&ecomp=yxLg9kk&earg=pdpsf&prid=7820b5ce-b3c9-4c87-a844-a52d92a98b63,7/15/17,7/14/18,0,1,0
10,10,10,https://advance-lexis-com.oregonstate.idm.oclc.org/search/?pdmfid=1516831&crid=1d38a41a-f184-4446-8d81-c6869839f036&pdpsf=&pdpost=&pdstartin=urn%3Ahlct%3A16&pdsearchterms=hlead(*water*+OR+river*+OR+lake+OR+dam+OR+stream+OR+tributary+OR+diversion+OR+irrigation+OR+pollution+OR+water+quality+OR+flood!+OR+drought!+OR+channel+OR+canal+OR+hydroelect!+OR+reservoir+OR+groundwater+OR+aquifer+OR+drought+OR+recharge+OR+%22water+table%22+OR+%22bore+hole+)+and+hlead(treaty+OR+agree!+OR+negotiat!+OR+resolution+OR+commission+OR+secretariat+OR+joint+management+OR+basin+management+OR+peace+OR+accord+OR+%22peace+accord%22+OR+settle!+OR+cooperat!+OR+collaborat!+OR+disput!+OR+conflict!+OR+disagree!+OR+sanction!+OR+war+OR+troops+OR+%22letter+of+protest%22+OR+hostility+OR+%22shots+fired%22+OR+boycott+OR+protest!+OR+appeal+OR+intent+OR+reject+OR+threat!+OR+force+OR+coerce+OR+assault+OR+fight+OR+demand+OR+disapprove+OR+diploma!+OR+statement+OR+memorandum+)+and+not+hlead(ocean+OR+navigat!+OR+nuclear+OR+%22water+cannon%22+OR+%22light+water+reactor%22+OR+%22mineral+water%22+OR+%22hold+water%22+OR+%22cold+water%22+OR+%22hot+water%22+OR+%22water+canister%22+OR+%22water+tight%22+OR+%22+water+down%22+OR+%22flood+of+refugees%22+OR+Rivera+OR+Suez+OR+Panama+OR+oil+OR+drugs+OR+%22three+gorges%22+OR+waterski+OR+watermelon+OR+dishwater+OR+waterproof+OR+%22water+resistant%22+OR+%22water+bath%22)&pdsearchtype=SearchBox&pdtypeofsearch=searchboxclick&pdsf=&pdquerytemplateid=&pdtimeline=07%2F15%2F2013to07%2F14%2F2014%7Cdatebetween&pdfromadvancedsearchpage=true&ecomp=yxLg9kk&earg=pdpsf&prid=7820b5ce-b3c9-4c87-a844-a52d92a98b63,7/15/18,7/14/19,0,1,0
11,11,11,https://advance-lexis-com.oregonstate.idm.oclc.org/search/?pdmfid=1516831&crid=dead5fad-6a58-4e99-96fd-c18380849227&pdpsf=&pdpost=&pdstartin=urn%3Ahlct%3A16&pdsearchterms=hlead(*water*+OR+river*+OR+lake+OR+dam+OR+stream+OR+tributary+OR+diversion+OR+irrigation+OR+pollution+OR+water+quality+OR+flood!+OR+drought!+OR+channel+OR+canal+OR+hydroelect!+OR+reservoir+OR+groundwater+OR+aquifer+OR+drought+OR+recharge+OR+%22water+table%22+OR+%22bore+hole+)+and+hlead(treaty+OR+agree!+OR+negotiat!+OR+resolution+OR+commission+OR+secretariat+OR+joint+management+OR+basin+management+OR+peace+OR+accord+OR+%22peace+accord%22+OR+settle!+OR+cooperat!+OR+collaborat!+OR+disput!+OR+conflict!+OR+disagree!+OR+sanction!+OR+war+OR+troops+OR+%22letter+of+protest%22+OR+hostility+OR+%22shots+fired%22+OR+boycott+OR+protest!+OR+appeal+OR+intent+OR+reject+OR+threat!+OR+force+OR+coerce+OR+assault+OR+fight+OR+demand+OR+disapprove+OR+diploma!+OR+statement+OR+memorandum+)+and+not+hlead(ocean+OR+navigat!+OR+nuclear+OR+%22water+cannon%22+OR+%22light+water+reactor%22+OR+%22mineral+water%22+OR+%22hold+water%22+OR+%22cold+water%22+OR+%22hot+water%22+OR+%22water+canister%22+OR+%22water+tight%22+OR+%22+water+down%22+OR+%22flood+of+refugees%22+OR+Rivera+OR+Suez+OR+Panama+OR+oil+OR+drugs+OR+%22three+gorges%22+OR+waterski+OR+watermelon+OR+dishwater+OR+waterproof+OR+%22water+resistant%22+OR+%22water+bath%22)&pdsearchtype=SearchBox&pdtypeofsearch=searchboxclick&pdsf=&pdquerytemplateid=&pdtimeline=07%2F15%2F2013to07%2F14%2F2014%7Cdatebetween&pdfromadvancedsearchpage=true&ecomp=yxLg9kk&earg=pdpsf&prid=7820b5ce-b3c9-4c87-a844-a52d92a98b63,7/15/19,7/14/20,0,1,0
12,12,12,https://advance-lexis-com.oregonstate.idm.oclc.org/search/?pdmfid=1516831&crid=6e89f892-ed03-4513-8d27-e33550d75a77&pdpsf=&pdpost=&pdstartin=urn%3Ahlct%3A16&pdsearchterms=hlead(*water*+OR+river*+OR+lake+OR+dam+OR+stream+OR+tributary+OR+diversion+OR+irrigation+OR+pollution+OR+water+quality+OR+flood!+OR+drought!+OR+channel+OR+canal+OR+hydroelect!+OR+reservoir+OR+groundwater+OR+aquifer+OR+drought+OR+recharge+OR+%22water+table%22+OR+%22bore+hole+)+and+hlead(treaty+OR+agree!+OR+negotiat!+OR+resolution+OR+commission+OR+secretariat+OR+joint+management+OR+basin+management+OR+peace+OR+accord+OR+%22peace+accord%22+OR+settle!+OR+cooperat!+OR+collaborat!+OR+disput!+OR+conflict!+OR+disagree!+OR+sanction!+OR+war+OR+troops+OR+%22letter+of+protest%22+OR+hostility+OR+%22shots+fired%22+OR+boycott+OR+protest!+OR+appeal+OR+intent+OR+reject+OR+threat!+OR+force+OR+coerce+OR+assault+OR+fight+OR+demand+OR+disapprove+OR+diploma!+OR+statement+OR+memorandum+)+and+not+hlead(ocean+OR+navigat!+OR+nuclear+OR+%22water+cannon%22+OR+%22light+water+reactor%22+OR+%22mineral+water%22+OR+%22hold+water%22+OR+%22cold+water%22+OR+%22hot+water%22+OR+%22water+canister%22+OR+%22water+tight%22+OR+%22+water+down%22+OR+%22flood+of+refugees%22+OR+Rivera+OR+Suez+OR+Panama+OR+oil+OR+drugs+OR+%22three+gorges%22+OR+waterski+OR+watermelon+OR+dishwater+OR+waterproof+OR+%22water+resistant%22+OR+%22water+bath%22)&pdsearchtype=SearchBox&pdtypeofsearch=searchboxclick&pdsf=&pdquerytemplateid=&pdtimeline=07%2F15%2F2013to07%2F14%2F2014%7Cdatebetween&pdfromadvancedsearchpage=true&ecomp=yxLg9kk&earg=pdpsf&prid=7820b5ce-b3c9-4c87-a844-a52d92a98b63,7/15/20,7/14/21,0,1,0
13,13,13,https://advance-lexis-com.oregonstate.idm.oclc.org/search/?pdmfid=1516831&crid=13aa54b7-feea-4c6c-b070-3087ac766a47&pdpsf=&pdpost=&pdstartin=urn%3Ahlct%3A16&pdsearchterms=hlead(*water*+OR+river*+OR+lake+OR+dam+OR+stream+OR+tributary+OR+diversion+OR+irrigation+OR+pollution+OR+water+quality+OR+flood!+OR+drought!+OR+channel+OR+canal+OR+hydroelect!+OR+reservoir+OR+groundwater+OR+aquifer+OR+drought+OR+recharge+OR+%22water+table%22+OR+%22bore+hole+)+and+hlead(treaty+OR+agree!+OR+negotiat!+OR+resolution+OR+commission+OR+secretariat+OR+joint+management+OR+basin+management+OR+peace+OR+accord+OR+%22peace+accord%22+OR+settle!+OR+cooperat!+OR+collaborat!+OR+disput!+OR+conflict!+OR+disagree!+OR+sanction!+OR+war+OR+troops+OR+%22letter+of+protest%22+OR+hostility+OR+%22shots+fired%22+OR+boycott+OR+protest!+OR+appeal+OR+intent+OR+reject+OR+threat!+OR+force+OR+coerce+OR+assault+OR+fight+OR+demand+OR+disapprove+OR+diploma!+OR+statement+OR+memorandum+)+and+not+hlead(ocean+OR+navigat!+OR+nuclear+OR+%22water+cannon%22+OR+%22light+water+reactor%22+OR+%22mineral+water%22+OR+%22hold+water%22+OR+%22cold+water%22+OR+%22hot+water%22+OR+%22water+canister%22+OR+%22water+tight%22+OR+%22+water+down%22+OR+%22flood+of+refugees%22+OR+Rivera+OR+Suez+OR+Panama+OR+oil+OR+drugs+OR+%22three+gorges%22+OR+waterski+OR+watermelon+OR+dishwater+OR+waterproof+OR+%22water+resistant%22+OR+%22water+bath%22)&pdsearchtype=SearchBox&pdtypeofsearch=searchboxclick&pdsf=&pdquerytemplateid=&pdtimeline=07%2F15%2F2013to07%2F14%2F2014%7Cdatebetween&pdfromadvancedsearchpage=true&ecomp=yxLg9kk&earg=pdpsf&prid=7820b5ce-b3c9-4c87-a844-a52d92a98b63,7/15/21,7/14/22,0,1,0
